title,link,author,pubDate,description,isbn,isbn13,itemId,priceSales,priceStandard,mallType,stockStatus,mileage,cover,categoryId,categoryName,publisher,salesPoint,adult,fixedPrice,customerReviewRank,bestRank,subInfo,reviewList,seriesInfo
우리 패거리,http://www.aladin.co.kr/shop/wproduct.aspx?ItemId=340292156&amp;partner=openAPI&amp;start=api,"필립 로스 (지은이), 김승욱 (옮긴이)",2024-06-05,"맨부커 인터내셔널상, 펜/포크너상, 퓰리처상 등 소설가로서 받을 수 있는 영예는 모두 차지한 작가, 미국 현대문학의 거장 필립 로스. 그의 초기작 《우리 패거리》가 국내에 처음으로 소개된다.",8934962070,9788934962076,340292156,15120,16800,BOOK,,840,https://image.aladin.co.kr/product/34029/21/coversum/8934962070_1.jpg,50919,국내도서>소설/시/희곡>영미소설,비채,1770,False,True,10,1,{},[],
스톤 매트리스,http://www.aladin.co.kr/shop/wproduct.aspx?ItemId=340409738&amp;partner=openAPI&amp;start=api,"마거릿 애트우드 (지은이), 양미래 (옮긴이)",2024-05-24,"다양한 장르의 경계를 넘나들며 여성주의적 주제 의식을 담아 온 애트우드의 스타일이 빛나는 단편집으로, 작가의 말에 따르면 “옛날 옛적부터 전해져 내려온 이야기에 빚지고” 있는 아홉 편의 작품이 수록되어 있다.",K602931073,9791170523994,340409738,15300,17000,BOOK,,850,https://image.aladin.co.kr/product/34040/97/coversum/k602931073_1.jpg,51055,국내도서>소설/시/희곡>세계의 소설>기타 국가 소설,황금가지,5360,False,True,10,2,{},"[{'reviewRank': 10, 'title': '[100자평]역시 대가답게 - 단편에서도 여전히 빛나는 글솜씨와 번...', 'writer': '초록', 'link': 'https://blog.aladin.co.kr/785128157/15585851?partner=openAPI'}, {'reviewRank': 10, 'title': '[마이리뷰]불가능할 이유가 없는, 사악하고..', 'writer': '뫕', 'link': 'https://blog.aladin.co.kr/719466181/15585226?partner=openAPI'}, {'reviewRank': 10, 'title': '[100자평]여성의 이야기 들어보아여', 'writer': 'fingeramigo', 'link': 'https://blog.aladin.co.kr/763078275/15583527?partner=openAPI'}, {'reviewRank': 10, 'title': '[100자평]조아하는 작가님. 기대됩니다!', 'writer': '소나무', 'link': 'https://blog.aladin.co.kr/wam2010/15574910?partner=openAPI'}]",
산 자들의 밤 - 제154회 아쿠타가와 상 수상작,http://www.aladin.co.kr/shop/wproduct.aspx?ItemId=340072059&amp;partner=openAPI&amp;start=api,"다키구치 유쇼 (지은이), 이승준 (옮긴이)",2024-05-22,"85세로 사망한 노인의 장례식장에 모인 30여명의 친척 한 사람 한 사람의 하룻밤을 그린다. 고인은 어린이 다섯 명을 포함한 서른 여명이 넘는 대가족이다. 장례식에서 연회가 시작되고, 젊은이가 노인네에게 술을 따르는데 술을 받는 사람은 상대가 누구인지 모른다.",K342931863,9791192667539,340072059,15030,16700,BOOK,,830,https://image.aladin.co.kr/product/34007/20/coversum/k342931863_1.jpg,50998,국내도서>소설/시/희곡>일본소설>1950년대 이후 일본소설,마르코폴로,1920,False,True,10,3,{},"[{'reviewRank': 10, 'title': '[100자평]유쇼!', 'writer': 'laissez', 'link': 'https://blog.aladin.co.kr/719552155/15570751?partner=openAPI'}, {'reviewRank': 10, 'title': '[마이리뷰]기대되는 제목이네요', 'writer': '이상훈', 'link': 'https://blog.aladin.co.kr/761532171/15570546?partner=openAPI'}, {'reviewRank': 10, 'title': '[100자평]기대됩니다', 'writer': '서사가', 'link': 'https://blog.aladin.co.kr/797104119/15564551?partner=openAPI'}]","{'seriesId': 1135698, 'seriesLink': 'http://www.aladin.co.kr/shop/common/wseriesitem.aspx?SRID=1135698&amp;partner=openAPI', 'seriesName': '마르코폴로의 도서관 '}"
케임브리지 카프카 입문 - 옥스퍼드 카프카연구소 소장이 쓴 카프카 입문 완전판,http://www.aladin.co.kr/shop/wproduct.aspx?ItemId=340148014&amp;partner=openAPI&amp;start=api,"캐롤린 두틀링어 (지은이), 이하늘 (옮긴이)",2024-05-24,"카프카의 삶과 작품 그리고 문학적 영향에 대한 명확하고도 이해하기 쉬운 설명을 제시하고, 이를 둘러싼 기존의 무수한 신화를 뒤집는다. 그의 텍스트는 사실상 ‘카프카적인 것’이라는 클리셰가 암시하는 것보다 훨씬 더 매력적이고, 다채롭고, 명랑하며 아이러니하기 때문이다.",8976828704,9788976828705,340148014,14850,16500,BOOK,,490,https://image.aladin.co.kr/product/34014/80/coversum/8976828704_1.jpg,51378,국내도서>인문학>교양 인문학,그린비,2380,False,True,0,4,{},[],
라비헴 폴리스 2049,http://www.aladin.co.kr/shop/wproduct.aspx?ItemId=340146951&amp;partner=openAPI&amp;start=api,박애진 (지은이),2024-05-27,"이야기 본연의 재미와 뚜렷한 색깔을 가진 장르문학을 소개해 온 현대문학의 종합 출판 브랜드 폴라북스에서 새로운 기획물 ‘순정만화XSF소설’ 시리즈를 출간한다. 1990년대 순정만화 붐을 이끈 주역인 강경옥, 신일숙, 권교정. 그들의 작품이 SF 장르에 선구적 역할을 했음을 재조명하기 위해 SF 장르의 최전선에 있는 3인의 소설가 박애진, 듀나, 전혜진이 모였다.",K622931068,9791188547357,340146951,15120,16800,BOOK,,840,https://image.aladin.co.kr/product/34014/69/coversum/k622931068_1.jpg,89482,국내도서>소설/시/희곡>과학소설(SF)>한국 과학소설,폴라북스(현대문학),940,False,True,10,5,{},"[{'reviewRank': 10, 'title': '[100자평]라비헴 폴리스 .... 낯설지만 익숙한 이단어가 아침 ...', 'writer': '펭귄', 'link': 'https://blog.aladin.co.kr/722624195/15571916?partner=openAPI'}]","{'seriesId': 1189223, 'seriesLink': 'http://www.aladin.co.kr/shop/common/wseriesitem.aspx?SRID=1189223&amp;partner=openAPI', 'seriesName': '순정만화 X SF 소설 시리즈 1'}"
유미분식,http://www.aladin.co.kr/shop/wproduct.aspx?ItemId=338404306&amp;partner=openAPI&amp;start=api,김재희 (지은이),2024-05-13,"이곳은 유미분식, 따뜻하고 편안한 기억을 상기시켜주는 곳. 유미분식의 문을 여는 것은 추억 속으로의 여행과도 같다. 유미분식 김 사장님과 딸 유미 그리고 유미분식 손님들의 사연이 따끈한 분식 향기와 함께 푸근한 감동을 전해준다.",8967998163,9788967998165,338404306,15300,17000,BOOK,,850,https://image.aladin.co.kr/product/33840/43/coversum/8967998163_1.jpg,50993,국내도서>소설/시/희곡>한국소설>2000년대 이후 한국소설,북오션,545,False,True,10,6,{},"[{'reviewRank': 10, 'title': '[마이리뷰]유미분식_김재희', 'writer': '또바기', 'link': 'https://blog.aladin.co.kr/761333225/15584147?partner=openAPI'}, {'reviewRank': 10, 'title': '[마이리뷰]유미분식', 'writer': '행복나무하나', 'link': 'https://blog.aladin.co.kr/797011164/15584102?partner=openAPI'}, {'reviewRank': 10, 'title': '[마이리뷰]유미분식', 'writer': '토토엄마', 'link': 'https://blog.aladin.co.kr/monkeyking/15583931?partner=openAPI'}, {'reviewRank': 10, 'title': '[마이리뷰]유미분식', 'writer': '오즐', 'link': 'https://blog.aladin.co.kr/770266113/15583681?partner=openAPI'}, {'reviewRank': 10, 'title': '[마이리뷰]유미분식', 'writer': 'gazahbs', 'link': 'https://blog.aladin.co.kr/721747156/15583498?partner=openAPI'}]",
골동품 진열실,http://www.aladin.co.kr/shop/wproduct.aspx?ItemId=340342944&amp;partner=openAPI&amp;start=api,"오노레 드 발자크 (지은이), 이동렬 (옮긴이)",2024-05-30,"오노레 드 발자크가 남긴 방대한 &lt;인간극&gt; 시리즈 가운데 대표적인 풍속 소설이자 세태 소설로 손꼽히는 『골동품 진열실』이 출간되었다. 이 작품은 롤랑 바르트가 “인간의 모습을 한 소설, 다시 말해 소설의 결정판”이라고 평가한 바 있다.",8932405336,9788932405339,340342944,13500,15000,BOOK,,750,https://image.aladin.co.kr/product/34034/29/coversum/8932405336_1.jpg,50921,국내도서>소설/시/희곡>프랑스소설,을유문화사,1300,False,True,10,7,{},"[{'reviewRank': 10, 'title': '[마이리뷰]몰락해가는 귀족 계급의 초상화', 'writer': '사율', 'link': 'https://blog.aladin.co.kr/783144176/15585275?partner=openAPI'}, {'reviewRank': 10, 'title': '[마이리뷰]몰락하는 귀족에 대한 고별', 'writer': '이해창', 'link': 'https://blog.aladin.co.kr/760906122/15570084?partner=openAPI'}]","{'seriesId': 6106, 'seriesLink': 'http://www.aladin.co.kr/shop/common/wseriesitem.aspx?SRID=6106&amp;partner=openAPI', 'seriesName': '을유세계문학전집 133'}"
나쓰코의 모험,http://www.aladin.co.kr/shop/wproduct.aspx?ItemId=339945527&amp;partner=openAPI&amp;start=api,"미시마 유키오 (지은이), 정수윤 (옮긴이)",2024-05-22,"홋카이도를 배경으로 펼쳐지는 여정을 마치 한 편의 영화를 보는 듯 생생하게 그려내며, 빼어난 문체와 섬세한 인물 묘사로 작품 곳곳에서 미시마 유키오의 천재성을 엿볼 수 있다.",8925574993,9788925574998,339945527,16020,17800,BOOK,,890,https://image.aladin.co.kr/product/33994/55/coversum/8925574993_1.jpg,50998,국내도서>소설/시/희곡>일본소설>1950년대 이후 일본소설,알에이치코리아(RHK),4760,False,True,9,8,{},"[{'reviewRank': 10, 'title': '[100자평]정열이 가득한 사람은 생명력있다.그러나 그것의 본질은 ...', 'writer': 'leei8526', 'link': 'https://blog.aladin.co.kr/746322289/15585564?partner=openAPI'}, {'reviewRank': 10, 'title': '[마이리뷰]나쓰코의 모험', 'writer': 'seyoh', 'link': 'https://blog.aladin.co.kr/747206196/15578074?partner=openAPI'}, {'reviewRank': 8, 'title': '[마이리뷰]머무르는 곳에 모험은 없다', 'writer': '4pril', 'link': 'https://blog.aladin.co.kr/727000107/15566901?partner=openAPI'}]",
고비키초의 복수,http://www.aladin.co.kr/shop/wproduct.aspx?ItemId=339744235&amp;partner=openAPI&amp;start=api,"나가이 사야코 (지은이), 김은모 (옮긴이)",2024-05-20,휴머니즘이 진하게 담긴 시대소설로 독자들에게 많은 사랑을 받아온 저자 나가이 사야코가 독특한 복수 목격담을 선보인다. 사건의 전말을 쫓는 미상의 인물에게 들려주는 다양한 사람들의 목격담 끝에 드러난 진실은 무엇일까?,K082930446,9791167374226,339744235,16200,18000,BOOK,,900,https://image.aladin.co.kr/product/33974/42/coversum/k082930446_1.jpg,51058,국내도서>소설/시/희곡>추리/미스터리소설>일본 추리/미스터리소설,은행나무,10910,False,True,10,9,{},"[{'reviewRank': 10, 'title': '[마이리뷰]고비키초의 복수', 'writer': '하얀사과', 'link': 'https://blog.aladin.co.kr/741313112/15579709?partner=openAPI'}, {'reviewRank': 10, 'title': '[마이리뷰]고비키초의 복수', 'writer': '초록콩', 'link': 'https://blog.aladin.co.kr/vmiokv/15574070?partner=openAPI'}, {'reviewRank': 10, 'title': '[100자평]이 책 너무 좋다, 이렇게 촘촘하게 전개를 하다니 대단...', 'writer': '니니리', 'link': 'https://blog.aladin.co.kr/726657204/15569530?partner=openAPI'}, {'reviewRank': 10, 'title': '[마이리뷰]고비키초의 복수 - 나가이 사야..', 'writer': '하나비', 'link': 'https://blog.aladin.co.kr/751620178/15569389?partner=openAPI'}, {'reviewRank': 10, 'title': '[마이리뷰]고비키초의 복수', 'writer': 'YINA01', 'link': 'https://blog.aladin.co.kr/713380176/15568398?partner=openAPI'}]",
두 사람의 인터내셔널,http://www.aladin.co.kr/shop/wproduct.aspx?ItemId=338990710&amp;partner=openAPI&amp;start=api,김기태 (지은이),2024-05-15,"2022년 동아일보 신춘문예에서 “근래 보기 드문 강력하고 단단한 작품”, “처음부터 끝까지 단숨에 읽히게 만드는 흡인력이 돋보인다”는 평을 받으며 데뷔한 김기태의 첫 소설집 『두 사람의 인터내셔널』이 출간되었다.",8954697941,9788954697941,338990710,15120,16800,BOOK,,840,https://image.aladin.co.kr/product/33899/7/coversum/8954697941_1.jpg,50993,국내도서>소설/시/희곡>한국소설>2000년대 이후 한국소설,문학동네,36640,False,True,10,10,{},"[{'reviewRank': 10, 'title': '[100자평]최근 읽어본 소설 중에 최고!뒷 소설이 약간 부족한 듯...', 'writer': 'sonnet14', 'link': 'https://blog.aladin.co.kr/726025193/15582759?partner=openAPI'}, {'reviewRank': 10, 'title': '[100자평]무척 재미있게 읽다가 어느 순간 감동받아버렸다. 앞으로...', 'writer': '치즈', 'link': 'https://blog.aladin.co.kr/realmelody/15568676?partner=openAPI'}, {'reviewRank': 10, 'title': '[100자평]더 많은 사람들이 김기태 작가를 알게 되고 그의 글들을...', 'writer': 'epiphany', 'link': 'https://blog.aladin.co.kr/748917151/15563513?partner=openAPI'}, {'reviewRank': 8, 'title': '[마이리뷰][마이리뷰] 두 사람의 인터내셔..', 'writer': '책만사', 'link': 'https://blog.aladin.co.kr/767843283/15551339?partner=openAPI'}, {'reviewRank': 10, 'title': '[100자평]한마디로 끝내주네요. 특히나 표제작은!!!', 'writer': 'groove4312', 'link': 'https://blog.aladin.co.kr/joooh/15549997?partner=openAPI'}]",
꽃다발은 독,http://www.aladin.co.kr/shop/wproduct.aspx?ItemId=340092240&amp;partner=openAPI&amp;start=api,"오리가미 교야 (지은이), 이현주 (옮긴이)",2024-05-30,"서늘한 여운과 충격적인 결말로 독자들의 극찬을 받은 오리가미 교야의 《꽃다발은 독》(2021)이 드디어 한국에 출간된다. 《꽃다발은 독》은 장르를 넘나드는 스토리텔러 오리가미 교야가 미스터리 장르에 처음으로 진지하게 도전한 작품으로, 출간 직후 인기 시사 TV 프로그램 〈왕의 브런치〉에 소개돼 큰 화제가 됐다.",K602931865,9791192738345,340092240,15210,16900,BOOK,,840,https://image.aladin.co.kr/product/34009/22/coversum/k602931865_1.jpg,51058,국내도서>소설/시/희곡>추리/미스터리소설>일본 추리/미스터리소설,리드비,5190,False,True,10,11,{},"[{'reviewRank': 10, 'title': '[마이리뷰]꽃다발은 독 - 오리가미 교야', 'writer': '책읽는하루', 'link': 'https://blog.aladin.co.kr/747116116/15585330?partner=openAPI'}, {'reviewRank': 10, 'title': '[100자평]와, 50페이지 남겨놓고 함정에 빠져버렸다.내용이 자연...', 'writer': '박정희', 'link': 'https://blog.aladin.co.kr/775561155/15585045?partner=openAPI'}, {'reviewRank': 10, 'title': '[마이리뷰]일본소설추천 오리가미 교야의 ..', 'writer': 'book cross', 'link': 'https://blog.aladin.co.kr/750997158/15576266?partner=openAPI'}, {'reviewRank': 10, 'title': '[100자평]반전도 반전이지만, 정성껏 빌드업 한 딜레마가 더 인상...', 'writer': 'decca', 'link': 'https://blog.aladin.co.kr/howmystery/15561732?partner=openAPI'}, {'reviewRank': 10, 'title': '[100자평]협박 편지라니 먼가 아날로그틱하면서 흥미롭네요 ㅎㅎㅎ ...', 'writer': '모비딕', 'link': 'https://blog.aladin.co.kr/750862249/15559784?partner=openAPI'}]",
족쇄 - 두 남매 이야기,http://www.aladin.co.kr/shop/wproduct.aspx?ItemId=339158082&amp;partner=openAPI&amp;start=api,전혜진 (지은이),2024-05-08,"독자들이 고대하던 만화 『족쇄 : 두 남매 이야기』의 원작소설이 무삭제판으로 찾아온다. 『족쇄: 두 남매 이야기』는 웹툰 스토리부터 SF, 스릴러 소설까지 다양한 이야기를 써온 전혜진 작가의 장편소설이자, 드라마로 방영된 웹툰 ‘이두나!’ 작가 민송아가 그린 동명 만화의 원작이다.",K102930028,9791163165262,339158082,15120,16800,BOOK,,840,https://image.aladin.co.kr/product/33915/80/coversum/k102930028_2.jpg,107435,국내도서>소설/시/희곡>액션/스릴러소설>한국 액션/스릴러소설,고즈넉이엔티,320,False,True,9,12,{},"[{'reviewRank': 10, 'title': '[마이리뷰]족쇄', 'writer': 'PILLARY', 'link': 'https://blog.aladin.co.kr/798689154/15569703?partner=openAPI'}, {'reviewRank': 8, 'title': '[마이리뷰]뒤틀린 욕망과 인연 - 족쇄: 두 ..', 'writer': '레즈', 'link': 'https://blog.aladin.co.kr/reznoa/15568325?partner=openAPI'}, {'reviewRank': 8, 'title': '[마이리뷰]막장에 막장을 더하고, 출생의 ..', 'writer': '행인01', 'link': 'https://blog.aladin.co.kr/709049114/15567754?partner=openAPI'}, {'reviewRank': 10, 'title': '[마이리뷰]족쇄 : 두 남매 이야기', 'writer': 'myjsh12', 'link': 'https://blog.aladin.co.kr/771436216/15567596?partner=openAPI'}, {'reviewRank': 8, 'title': '[마이리뷰]족쇄', 'writer': 'chika', 'link': 'https://blog.aladin.co.kr/lifewith_/15567557?partner=openAPI'}]","{'seriesId': 103588, 'seriesLink': 'http://www.aladin.co.kr/shop/common/wseriesitem.aspx?SRID=103588&amp;partner=openAPI', 'seriesName': '케이스릴러 '}"
나의 돈키호테,http://www.aladin.co.kr/shop/wproduct.aspx?ItemId=337989482&amp;partner=openAPI&amp;start=api,김호연 (지은이),2024-04-25,150만 독자가 애독하며 수만 개의 입소문 리뷰를 탄생시킨 국민 힐링소설 『불편한 편의점』의 작가 김호연이 소설 『나의 돈키호테』로 돌아왔다. 이제는 사라진 옛날 동네 비디오 가게에서 시작되는 꿈과 모험의 여정을 담은 소설이다.,K852930477,9791161571768,337989482,16200,18000,BOOK,,900,https://image.aladin.co.kr/product/33798/94/coversum/k852930477_2.jpg,50993,국내도서>소설/시/희곡>한국소설>2000년대 이후 한국소설,나무옆의자,62795,False,True,10,13,{},"[{'reviewRank': 10, 'title': '[마이리뷰]나의 돈키호테', 'writer': 'Ganesa', 'link': 'https://blog.aladin.co.kr/746318159/15582989?partner=openAPI'}, {'reviewRank': 8, 'title': '[마이리뷰]나의 돈키호테 - 김호연', 'writer': 'Breeze', 'link': 'https://blog.aladin.co.kr/hglim69/15576648?partner=openAPI'}, {'reviewRank': 6, 'title': '[마이리뷰]돈키호테가 되고 싶은 산초', 'writer': '듀란달', 'link': 'https://blog.aladin.co.kr/797446133/15570763?partner=openAPI'}, {'reviewRank': 10, 'title': '[100자평]돈키호테를 믿게 된 사람들의 이야기, 이상주의와 현실주...', 'writer': '사랑니777', 'link': 'https://blog.aladin.co.kr/725875139/15565655?partner=openAPI'}, {'reviewRank': 10, 'title': '[마이리뷰]나의 돈키호테', 'writer': '사랑니777', 'link': 'https://blog.aladin.co.kr/725875139/15565644?partner=openAPI'}]",
일몰,http://www.aladin.co.kr/shop/wproduct.aspx?ItemId=339903646&amp;partner=openAPI&amp;start=api,"미나토 가나에 (지은이), 김난주 (옮긴이)",2024-05-20,"학교 폭력과 부모의 학대, 청소년 범죄, 자살 등의 사회 문제와, 그 이면에 도사리고 있는 인간의 욕망과 본성을 면도날처럼 예리한 하드보일드 문체로 파헤치는 것으로 유명한 그녀는 이번 작품에서도 하나의 사건을 중심으로 그에 관련된 사람들의 마음에 새겨진 상처와 콤플렉스가 그들의 삶을 왜곡시키는 과정을 세밀화처럼 묘사한다.",K952930648,9791192483214,339903646,17820,19800,BOOK,,990,https://image.aladin.co.kr/product/33990/36/coversum/k952930648_1.jpg,50998,국내도서>소설/시/희곡>일본소설>1950년대 이후 일본소설,재인,3330,False,True,10,14,{},"[{'reviewRank': 10, 'title': '[마이리뷰]일몰 - 미나토 가나에', 'writer': 'RSsun', 'link': 'https://blog.aladin.co.kr/748122189/15579684?partner=openAPI'}]",
잔상,http://www.aladin.co.kr/shop/wproduct.aspx?ItemId=340297389&amp;partner=openAPI&amp;start=api,"존 발리 (지은이), 최세진 (옮긴이)",2024-06-10,경제적 불안과 대공황이 계속되고 세상 곳곳에는 각종 공동체들이 생겨났다. 실업자가 된 나는 이 기회에 여행을 떠났고 이곳저곳을 떠돌며 공동체를 경험했다. 그리고 평소와 같이 머물던 공동체를 벗어나 걷다 새로운 공동체를 발견하게 되었다.,K622931160,9791166687907,340297389,13320,14800,BOOK,,740,https://image.aladin.co.kr/product/34029/73/coversum/k622931160_1.jpg,89481,국내도서>소설/시/희곡>과학소설(SF)>외국 과학소설,아작,330,False,True,0,15,{},[],"{'seriesId': 1138096, 'seriesLink': 'http://www.aladin.co.kr/shop/common/wseriesitem.aspx?SRID=1138096&amp;partner=openAPI', 'seriesName': '아작 YA 10'}"
마녀들,http://www.aladin.co.kr/shop/wproduct.aspx?ItemId=339555560&amp;partner=openAPI&amp;start=api,"브랜다 로사노 (지은이), 구유 (옮긴이)",2024-05-14,"살해당한 한 여성의 이야기에서 출발한다. 사건을 취재하러 간 젊은 여성 기자 조에는 피해자 팔로마와 그녀의 사촌 펠리시아나, 그들을 둘러싼 주변 인물들의 이야기를 들으며 자신의 삶과 가족과의 관계도 돌아보게 되고, 스스로도 모르게 묻어두었던 상처를 마주하게 된다.",K322930434,9791167374271,339555560,15120,16800,BOOK,,840,https://image.aladin.co.kr/product/33955/55/coversum/k322930434_2.jpg,50920,국내도서>소설/시/희곡>스페인/중남미소설,은행나무,670,False,True,10,16,{},"[{'reviewRank': 10, 'title': '[마이리뷰]우리 안에 품고 태어나는 『마녀..', 'writer': '로렌', 'link': 'https://blog.aladin.co.kr/742880223/15585018?partner=openAPI'}, {'reviewRank': 10, 'title': '[마이리뷰]여자들은 자기 안에 마녀 같은 ..', 'writer': 'Ravenz_76', 'link': 'https://blog.aladin.co.kr/757290116/15581316?partner=openAPI'}, {'reviewRank': 10, 'title': '[마이리뷰]마녀들', 'writer': '솔빛시인', 'link': 'https://blog.aladin.co.kr/737587178/15580783?partner=openAPI'}, {'reviewRank': 8, 'title': '[마이리뷰]너희는 원하는 만큼 높이 뛰어오..', 'writer': '이보나', 'link': 'https://blog.aladin.co.kr/771473144/15579730?partner=openAPI'}, {'reviewRank': 10, 'title': '[마이리뷰]폭력, 연대, 치유, 그리고 사랑', 'writer': '찬일', 'link': 'https://blog.aladin.co.kr/723305121/15579674?partner=openAPI'}]","{'seriesId': 1174096, 'seriesLink': 'http://www.aladin.co.kr/shop/common/wseriesitem.aspx?SRID=1174096&amp;partner=openAPI', 'seriesName': '환상하는 여자들 2'}"
그리움의 정원에서,http://www.aladin.co.kr/shop/wproduct.aspx?ItemId=284208587&amp;partner=openAPI&amp;start=api,"크리스티앙 보뱅 (지은이), 김도연 (옮긴이)",2021-12-15,"프랑스가 사랑하는 시인이자 에세이스트, 크리스티앙 보뱅이 사랑하는 여인을 잃고, 그녀에 대한 그리움으로 가꾼 작은 글의 정원 『그리움의 정원에서』가 1984Books에서 출간되었다.",K272835216,9791190533096,284208587,10800,12000,BOOK,,600,https://image.aladin.co.kr/product/28420/85/coversum/k272835216_1.jpg,51373,국내도서>에세이>외국에세이,1984Books,2800,False,True,9,17,{},"[{'reviewRank': 6, 'title': '[100자평]헤닝 망켈의 어느 책 한 구절이다 ""사랑,지나...', 'writer': 'ihmj5800', 'link': 'https://blog.aladin.co.kr/710406299/15291792?partner=openAPI'}, {'reviewRank': 10, 'title': '[마이리뷰][마이리뷰] 그리움의 정원에서', 'writer': 'seogarden', 'link': 'https://blog.aladin.co.kr/714774183/15218614?partner=openAPI'}, {'reviewRank': 10, 'title': '[마이리뷰][마이리뷰] 그리움의 정원에서', 'writer': 'min4275', 'link': 'https://blog.aladin.co.kr/766287133/15186656?partner=openAPI'}, {'reviewRank': 10, 'title': '[100자평]보뱅의 문장은 이 책에서 한 사람에 대한 극진한 사랑과...', 'writer': '다락방', 'link': 'https://blog.aladin.co.kr/fallen77/15060028?partner=openAPI'}, {'reviewRank': 10, 'title': '[마이리뷰]이보다 완벽할 수 없다 <그리..', 'writer': '새파랑', 'link': 'https://blog.aladin.co.kr/782803100/15033689?partner=openAPI'}]",
안티 사피엔스,http://www.aladin.co.kr/shop/wproduct.aspx?ItemId=338988783&amp;partner=openAPI&amp;start=api,이정명 (지은이),2024-05-17,"《뿌리 깊은 나무》《별을 스치는 바람》 이정명이 근미래를 배경으로 다가올 AI 시대에 데이터로 환원된 슬픔과 기쁨, 꿈과 좌절, 욕망과 고통 그리고 사랑과 증오를 우리에게 선보인다. 예측 불가능하고 통제를 벗어난 AI와 어리석고 불완적한 인간의 대결.",K102930825,9791167374288,338988783,15300,17000,BOOK,,850,https://image.aladin.co.kr/product/33898/87/coversum/k102930825_2.jpg,50993,국내도서>소설/시/희곡>한국소설>2000년대 이후 한국소설,은행나무,5060,False,True,10,18,{},"[{'reviewRank': 10, 'title': '[100자평]표지가 묘하네요. 재밌을 것 같습니다.', 'writer': 'ssssos123', 'link': 'https://blog.aladin.co.kr/769749298/15577734?partner=openAPI'}, {'reviewRank': 10, 'title': '[마이리뷰]당신을 닮은 AI가 세계를 지배한..', 'writer': '필리아', 'link': 'https://blog.aladin.co.kr/729034103/15553395?partner=openAPI'}]",
루시 게이하트,http://www.aladin.co.kr/shop/wproduct.aspx?ItemId=337863699&amp;partner=openAPI&amp;start=api,"윌라 캐더 (지은이), 임슬애 (옮긴이)",2024-04-22,미국의 대표적인 지방주의 작가이자 퓰리처상을 수상한 윌라 캐더의 초역 소설. 피아니스트가 꿈인 ‘루시’가 고향을 떠나 도착한 시카고에서 국제적으로 유명한 성악가였던 ‘서배스천’의 보조 연주자가 되면서 벌어지는 일을 그린다.,K162930475,9791170871330,337863699,13950,15500,BOOK,,770,https://image.aladin.co.kr/product/33786/36/coversum/k162930475_1.jpg,50919,국내도서>소설/시/희곡>영미소설,휴머니스트,1690,False,True,10,19,{},"[{'reviewRank': 10, 'title': '[마이리뷰]아이와 비둘기', 'writer': '꼼쥐', 'link': 'https://blog.aladin.co.kr/760404134/15563064?partner=openAPI'}, {'reviewRank': 8, 'title': '[마이리뷰]루시 게이하트 - 윌라 캐더', 'writer': 'hellas', 'link': 'https://blog.aladin.co.kr/775141184/15557990?partner=openAPI'}, {'reviewRank': 10, 'title': '[100자평]다양하게 촌스러운, 윌라 캐더의 저 오랜 시절, 누추해...', 'writer': 'Falstaff', 'link': 'https://blog.aladin.co.kr/wunderhorn/15548991?partner=openAPI'}, {'reviewRank': 10, 'title': '[100자평]정말 잘 쓰여진 소설은 인물에 대해서도 잘 보여주지만 ...', 'writer': '다락방', 'link': 'https://blog.aladin.co.kr/fallen77/15540053?partner=openAPI'}, {'reviewRank': 10, 'title': '[마이리뷰]루시 게이하트', 'writer': '얼음사탕', 'link': 'https://blog.aladin.co.kr/711428215/15512945?partner=openAPI'}]","{'seriesId': 1018958, 'seriesLink': 'http://www.aladin.co.kr/shop/common/wseriesitem.aspx?SRID=1018958&amp;partner=openAPI', 'seriesName': '휴머니스트 세계문학 32'}"
살 것만 같던 마음,http://www.aladin.co.kr/shop/wproduct.aspx?ItemId=340162553&amp;partner=openAPI&amp;start=api,이영광 (지은이),2024-05-30,"선명하고 아름다운 언어로 존재의 고통과 현실의 아픔을 노래해온 이영광 시인의 여덟번째 시집. 4년 만에 선보이는 이번 시집에서 시인은 일상의 복잡미묘한 감정과 들끓는 마음들을 살피며 삶과 죽음의 관계, 존재의 본질과 의미에 대한 진지하고도 심오한 사유의 세계를 펼쳐 보인다.",8936425021,9788936425029,340162553,9000,10000,BOOK,,500,https://image.aladin.co.kr/product/34016/25/coversum/8936425021_1.jpg,51167,국내도서>소설/시/희곡>시>한국시,창비,3300,False,True,0,20,{},[],"{'seriesId': 5426, 'seriesLink': 'http://www.aladin.co.kr/shop/common/wseriesitem.aspx?SRID=5426&amp;partner=openAPI', 'seriesName': '창비시선 502'}"
백년해로외전,http://www.aladin.co.kr/shop/wproduct.aspx?ItemId=339948920&amp;partner=openAPI&amp;start=api,박민정 (지은이),2024-05-25,"젊은작가상 대상, 문지문학상, 현대문학상, 이상문학상 우수상 등 빛나는 수상 이력을 쌓으며 탄탄한 소설세계를 가꿔온 박민정 작가가 『미스 플라이트』 이후 6년 만에 선보이는 두번째 장편소설. 평화롭게 함께 살면서 나이들어가는 ‘백년해로’, 그 환상의 뒤편에는 어떤 ‘외전’이 비밀스럽게 감춰져 있을까?",8954636241,9788954636247,339948920,14850,16500,BOOK,,820,https://image.aladin.co.kr/product/33994/89/coversum/8954636241_1.jpg,50993,국내도서>소설/시/희곡>한국소설>2000년대 이후 한국소설,문학동네,2100,False,True,10,21,{},"[{'reviewRank': 10, 'title': '[100자평]빠... 빨리 전자책을 내주세요', 'writer': 'allisnothing', 'link': 'https://blog.aladin.co.kr/705884139/15557127?partner=openAPI'}]",
왓 어 원더풀 월드,http://www.aladin.co.kr/shop/wproduct.aspx?ItemId=339165563&amp;partner=openAPI&amp;start=api,정진영 (지은이),2024-05-15,"일주일 전 회식 자리 말미, 호기롭게 뿌린 여덟 장의 로또 복권, 그중에 1등이 있었다. 당첨된 로또 복권을 가지고 잠적한 직원을 찾아오라는 사장의 지령이 떨어지고, 그를 데려오는 직원에게 연봉 1천만 원을 인상해주겠다는 공약이 내걸린다.",K042930029,9791193551165,339165563,15300,17000,BOOK,,850,https://image.aladin.co.kr/product/33916/55/coversum/k042930029_1.jpg,50993,국내도서>소설/시/희곡>한국소설>2000년대 이후 한국소설,북레시피,930,False,True,9,22,{},"[{'reviewRank': 8, 'title': '[마이리뷰]왓 어 원더풀 월드, 정진영', 'writer': '고솜돝', 'link': 'https://blog.aladin.co.kr/766682128/15578345?partner=openAPI'}, {'reviewRank': 8, 'title': '[마이리뷰]흥미롭게 담아낸 자전거 종주 예..', 'writer': '레즈', 'link': 'https://blog.aladin.co.kr/reznoa/15576465?partner=openAPI'}, {'reviewRank': 10, 'title': '[마이리뷰]국토 따라 달리는 로또 당첨자', 'writer': 'asammal', 'link': 'https://blog.aladin.co.kr/774432210/15575755?partner=openAPI'}, {'reviewRank': 10, 'title': '[마이리뷰]왓 어 원더풀 월드', 'writer': 'myjsh12', 'link': 'https://blog.aladin.co.kr/771436216/15575460?partner=openAPI'}, {'reviewRank': 8, 'title': '[마이리뷰]왓 어 원더풀 월드', 'writer': '커피프린세스', 'link': 'https://blog.aladin.co.kr/773096123/15574420?partner=openAPI'}]",
녹나무의 여신,http://www.aladin.co.kr/shop/wproduct.aspx?ItemId=339534294&amp;partner=openAPI&amp;start=api,"히가시노 게이고 (지은이), 양윤옥 (옮긴이)",2024-05-23,2020년 3월 히가시노 게이고의 작가 데뷔 35주년을 기념해 전 세계에 동시 출간된 《녹나무의 파수꾼》의 속편 《녹나무의 여신》이 이번에도 일본과 동시 출간된다. 레이토가 여러 사람과 만나 우여곡절을 거듭하며 기적의 새로운 의미를 찾아가는 내용을 담았다.,K682930336,9791138483049,339534294,16920,18800,BOOK,,940,https://image.aladin.co.kr/product/33953/42/coversum/k682930336_1.jpg,50998,국내도서>소설/시/희곡>일본소설>1950년대 이후 일본소설,㈜소미미디어,31380,False,True,10,23,{},"[{'reviewRank': 10, 'title': '[마이리뷰]녹나무의여신', 'writer': '파란펜', 'link': 'https://blog.aladin.co.kr/723001144/15576047?partner=openAPI'}, {'reviewRank': 10, 'title': '[마이리뷰]기적과 감동의 이야기', 'writer': '미스터마플', 'link': 'https://blog.aladin.co.kr/710098184/15574024?partner=openAPI'}, {'reviewRank': 10, 'title': '[마이리뷰]녹나무의 두 번째 이야기 - 녹나..', 'writer': '사랑한잔', 'link': 'https://blog.aladin.co.kr/loveonecup/15567148?partner=openAPI'}, {'reviewRank': 8, 'title': '[100자평]연작이라서 후속권 구매.   오랜만에 마주하는  깔끔한...', 'writer': '별이랑', 'link': 'https://blog.aladin.co.kr/777888186/15560944?partner=openAPI'}, {'reviewRank': 10, 'title': '[마이리뷰]녹나무의 여신', 'writer': '마크툽', 'link': 'https://blog.aladin.co.kr/724233124/15560524?partner=openAPI'}]",
사라진 것들,http://www.aladin.co.kr/shop/wproduct.aspx?ItemId=332034149&amp;partner=openAPI&amp;start=api,"앤드루 포터 (지은이), 민은영 (옮긴이)",2024-01-15,"소설집 『빛과 물질에 관한 이론』으로 한국 독자들의 큰 사랑을 받은 앤드루 포터의 두번째 소설집. 작가에게도, 한 사람의 삶에서도 결코 짧지 않은 시간, 『사라진 것들』의 가장 주요한 주제는 바로 그 시간이라고 할 수 있다.",8954697356,9788954697354,332034149,16200,18000,BOOK,,900,https://image.aladin.co.kr/product/33203/41/coversum/8954697356_1.jpg,50919,국내도서>소설/시/희곡>영미소설,문학동네,32001,False,True,9,24,{},"[{'reviewRank': 8, 'title': '[마이리뷰]정말 사라졌을까?', 'writer': 'hnine', 'link': 'https://blog.aladin.co.kr/hnine/15557191?partner=openAPI'}, {'reviewRank': 6, 'title': '[마이리뷰]인생이라는 빙산의 일각_<사..', 'writer': '룰루', 'link': 'https://blog.aladin.co.kr/744458133/15553283?partner=openAPI'}, {'reviewRank': 8, 'title': '[마이리뷰]그들의 회환', 'writer': '다락방', 'link': 'https://blog.aladin.co.kr/fallen77/15525192?partner=openAPI'}, {'reviewRank': 10, 'title': '[100자평]이것 아니면 절대 안 돼.하며 확고해진 취향에 예민한 ...', 'writer': '책읽는나무', 'link': 'https://blog.aladin.co.kr/musoyou/15513191?partner=openAPI'}, {'reviewRank': 8, 'title': '[마이리뷰]사라진 것들 - 앤드루 포터', 'writer': 'hellas', 'link': 'https://blog.aladin.co.kr/775141184/15487936?partner=openAPI'}]",
둘도 없는 사이,http://www.aladin.co.kr/shop/wproduct.aspx?ItemId=339888723&amp;partner=openAPI&amp;start=api,"시몬 드 보부아르 (지은이), 백수린 (옮긴이)",2024-05-25,시몬 드 보부아르가 오랜 세월 쓰고 싶어 했고 세상을 떠나는 날까지 계속 간직했던 미발표 유작이다. 보부아르에게 사랑과 동경의 대상이었던 친구 ‘자자’의 이야기를 다룬 자전 소설이기에 실존 인물들의 모습을 담은 희귀 화보와 친필 편지가 부록으로 수록된 원서의 구성을 최대한 살려 편집했다.,8925575175,9788925575179,339888723,17100,19000,BOOK,,950,https://image.aladin.co.kr/product/33988/87/coversum/8925575175_1.jpg,50921,국내도서>소설/시/희곡>프랑스소설,알에이치코리아(RHK),3110,False,True,10,25,{},"[{'reviewRank': 10, 'title': '[100자평]기대됩니다.', 'writer': 'dosert', 'link': 'https://blog.aladin.co.kr/759838208/15558372?partner=openAPI'}]",
스토리 마스터 클래스 - 할리우드 최고 스토리 컨설턴트가 전하는 이야기의 법칙,http://www.aladin.co.kr/shop/wproduct.aspx?ItemId=340480531&amp;partner=openAPI&amp;start=api,"존 트루비 (지은이), 안은주 (옮긴이)",2024-05-27,"실전에서 언제든 꺼내 쓸 수 있도록 할리우드 최고 스토리 컨설턴트인 저자가 구성한 22단계를 따라 실용적인 작법을 제시한다. 22단계만 있다면, 다음 편이 기다려지고, 끝이 나도 마음속에 깊이 남는 이야기를 만들 수 있을 것이다.",K132931272,9791193712177,340480531,28800,32000,BOOK,예약판매,1600,https://image.aladin.co.kr/product/34048/5/coversum/k132931272_2.jpg,51538,국내도서>인문학>책읽기/글쓰기>글쓰기,한즈미디어(한스미디어),550,False,True,10,26,{},"[{'reviewRank': 10, 'title': '[100자평]이야기의 해부 - 스토리텔링의 대가가 되기 위한 22단...', 'writer': 'Ajna', 'link': 'https://blog.aladin.co.kr/711038163/15584218?partner=openAPI'}]",
조반니의 방,http://www.aladin.co.kr/shop/wproduct.aspx?ItemId=340298315&amp;partner=openAPI&amp;start=api,"제임스 볼드윈 (지은이), 김지현(아밀) (옮긴이)",2024-06-05,미국 문학사의 주요 작가이자 글과 행동으로 흑인과 성 소수자 들에게 뚜렷한 영향을 남긴 제임스 볼드윈의 대표작. 1950년대 파리를 무대로 미국인 데이비드와 이탈리아인 조반니의 비극적인 관계를 그린다.,8932912904,9788932912905,340298315,13320,14800,BOOK,,740,https://image.aladin.co.kr/product/34029/83/coversum/8932912904_1.jpg,50919,국내도서>소설/시/희곡>영미소설,열린책들,520,False,True,0,27,{},[],"{'seriesId': 14733, 'seriesLink': 'http://www.aladin.co.kr/shop/common/wseriesitem.aspx?SRID=14733&amp;partner=openAPI', 'seriesName': '열린책들 세계문학 290'}"
미친 주부의 일기,http://www.aladin.co.kr/shop/wproduct.aspx?ItemId=340110480&amp;partner=openAPI&amp;start=api,"수 코프먼 (지은이), 구원 (옮긴이)",2024-05-21,"제2 물결 페미니즘의 정점에 출간된 이 소설은 '여성이 원할 수 있는' 모든 것을 지녔지만 원인을 알 수 없는 불안과 공포, 우울증에 시달리기 시작한 주부 티나의 일기를 통해 가정이라는 이름의 '안락한 포로수용소'에서 여성이 매일같이 경험하는 구속과 좌절의 현실을 오롯이 담았다.",K582931960,9791191922158,340110480,15300,17000,BOOK,,850,https://image.aladin.co.kr/product/34011/4/coversum/k582931960_1.jpg,50919,국내도서>소설/시/희곡>영미소설,코호북스(cohobooks),1210,False,True,10,28,{},"[{'reviewRank': 10, 'title': '[마이리뷰][마이리뷰] 미친 주부의 일기', 'writer': '튜울립', 'link': 'https://blog.aladin.co.kr/700774102/15584820?partner=openAPI'}, {'reviewRank': 10, 'title': '[마이리뷰]미친 주부의 일기', 'writer': '스칼렛', 'link': 'https://blog.aladin.co.kr/728084127/15576468?partner=openAPI'}]",
사례 연구,http://www.aladin.co.kr/shop/wproduct.aspx?ItemId=337250472&amp;partner=openAPI&amp;start=api,"그레임 맥레이 버넷 (지은이), 허진 (옮긴이)",2024-04-05,동시대 스코틀랜드를 대표하는 작가 그레임 맥레이 버넷의 네 번째 장편소설 『사례 연구』가 열린책들에서 출간되었다. 저자의 전작 『블러디 프로젝트』에 이어 부커상 후보에 오른 이 작품은 치밀하게 설계된 심리 스릴러이다.,8932924252,9788932924250,337250472,16920,18800,BOOK,,940,https://image.aladin.co.kr/product/33725/4/coversum/8932924252_1.jpg,51062,국내도서>소설/시/희곡>추리/미스터리소설>영미 추리/미스터리소설,열린책들,2530,False,True,10,29,{},"[{'reviewRank': 10, 'title': '[마이리뷰][마이리뷰] 사례 연구', 'writer': 'cj', 'link': 'https://blog.aladin.co.kr/781945243/15525106?partner=openAPI'}, {'reviewRank': 10, 'title': '[100자평]그레임 맥레이 버넷 신작!!!', 'writer': 'woong', 'link': 'https://blog.aladin.co.kr/725647183/15435231?partner=openAPI'}]",
라오서 단편선,http://www.aladin.co.kr/shop/wproduct.aspx?ItemId=340154918&amp;partner=openAPI&amp;start=api,"라오서 (지은이), 박희선 (옮긴이)",2024-04-30,"‘언어의 대가’ 라오서의 대표 단편선. 중국 근현대사의 시대상을 베이징 시민들의 삶으로 풀어낸 책으로, 한국 최초로 출간되었다.",K472931060,9791186142844,340154918,10800,12000,BOOK,,600,https://image.aladin.co.kr/product/34015/49/coversum/k472931060_1.jpg,50923,국내도서>소설/시/희곡>중국소설,인사이트브리즈,180,False,True,0,30,{},[],"{'seriesId': 1189231, 'seriesLink': 'http://www.aladin.co.kr/shop/common/wseriesitem.aspx?SRID=1189231&amp;partner=openAPI', 'seriesName': '근현대 클래식 선집 1'}"
트릭,http://www.aladin.co.kr/shop/wproduct.aspx?ItemId=340100159&amp;partner=openAPI&amp;start=api,"도메니코 스타르노네 (지은이), 김지우 (옮긴이)",2024-05-22,『트릭』은 이탈리아에서 가장 뛰어난 현대 소설가로 평가받는 도메니코 스타르노네의 장편소설로 두 남자의 처절한 결투를 담고 있다. 한 남자는 한때 유명했지만 이제는 존재감 없는 70대 삽화가 다니엘레다. 상대는 그의 네 살배기 손자 마리오다. 연중 가장 어두운 11월 다니엘레는 딸의 부탁을 받아 나흘 동안 손자를 돌보기 위해 나폴리 고향 집으로 출발하는 것에서부터 이야기는 시작된다.,8935678643,9788935678648,340100159,15750,17500,BOOK,,870,https://image.aladin.co.kr/product/34010/1/coversum/8935678643_1.jpg,51023,국내도서>소설/시/희곡>세계의 소설>이탈리아소설,한길사,130,False,True,0,31,{},[],
우연한 불행,http://www.aladin.co.kr/shop/wproduct.aspx?ItemId=339943188&amp;partner=openAPI&amp;start=api,"프란츠 카프카 (지은이), 박종대 (옮긴이)",2024-05-22,현대문학의 암호이자 상징으로 자리 잡은 20세기 대표적인 실존주의 작가 프란츠 카프카의 단편과 초단편 소설 55편을 담은 《우연한 불행》이 프란츠 카프카 사후 100주년을 맞아 위즈덤하우스에서 출간되었다.,K902930644,9791171712038,339943188,13500,15000,BOOK,,750,https://image.aladin.co.kr/product/33994/31/coversum/k902930644_1.jpg,50922,국내도서>소설/시/희곡>독일소설,위즈덤하우스,7410,False,True,10,32,{},"[{'reviewRank': 10, 'title': '[100자평]쥐가 귀엽다는 생각을처음 해보네요. 거 참...', 'writer': 'mistymoon', 'link': 'https://blog.aladin.co.kr/792256103/15564339?partner=openAPI'}, {'reviewRank': 10, 'title': '[100자평]책 표지가 힙하네요. 쥐가 저렇게 귀여워도 되나욤?', 'writer': '지니', 'link': 'https://blog.aladin.co.kr/783650190/15564329?partner=openAPI'}, {'reviewRank': 10, 'title': '[100자평]쥐가 귀여워요', 'writer': '뒹구는돌', 'link': 'https://blog.aladin.co.kr/569215/15558834?partner=openAPI'}]",
물을 수놓다 - 제9회 가와이 하야오 이야기상 수상,http://www.aladin.co.kr/shop/wproduct.aspx?ItemId=340091813&amp;partner=openAPI&amp;start=api,"데라치 하루나 (지은이), 김선영 (옮긴이)",2024-05-20,"《박사가 사랑한 수식》의 작가 ‘오가와 요코’가 심사위원을 맡아 ‘사람들의 마음을 지탱해 줄 수 있는 이야기가 있는 문학작품’을 뽑는 ‘가와이 하야오 이야기상’의 제9회 수상작인 《물을 수놓다》는, 주로 사회적 이슈를 담은 ‘여성 서사’를 그려온 작가가 처음 선보인 ‘가족 서사’로 화제를 모았다.",K652931865,9791170611356,340091813,15120,16800,BOOK,,840,https://image.aladin.co.kr/product/34009/18/coversum/k652931865_2.jpg,50998,국내도서>소설/시/희곡>일본소설>1950년대 이후 일본소설,북다,840,False,True,10,33,{},"[{'reviewRank': 10, 'title': '[마이리뷰]물을 수놓다', 'writer': 'suya', 'link': 'https://blog.aladin.co.kr/752482145/15575589?partner=openAPI'}]",
강기슭에 선 사람은,http://www.aladin.co.kr/shop/wproduct.aspx?ItemId=340089604&amp;partner=openAPI&amp;start=api,"데라치 하루나 (지은이), 김선영 (옮긴이)",2024-05-22,카페 점장으로 일하며 어수선한 하루하루를 보내는 기요세는 연인 게이타가 크게 다쳐 의식불명이라는 전화를 받는다. 몇 달 전 게이타가 고집스레 어떤 사실을 숨긴 것이 원인이 되어 다툰 후 만나지 않았던 둘. 입원에 필요한 물품을 챙기기 위해 게이타의 집을 찾는데...,K052931865,9791170611301,340089604,15120,16800,BOOK,,840,https://image.aladin.co.kr/product/34008/96/coversum/k052931865_1.jpg,50998,국내도서>소설/시/희곡>일본소설>1950년대 이후 일본소설,북다,350,False,True,0,34,{},[],
휘어진 쟁기,http://www.aladin.co.kr/shop/wproduct.aspx?ItemId=339997394&amp;partner=openAPI&amp;start=api,"이타마르 비에이라 주니오르 (지은이), 오진영 (옮긴이)",2024-06-12,브라질에서 가장 가난한 땅으로 흑인들이 몰려 살고 있는 북동부 바이아를 무대로 이야기가 흐른다. 농장에서 일하는 노동자의 딸인 비비아나와 벨로니시아 두 자매는 운명적인 선택을 하게 되고 그 사건의 결과로 돌이킬 수 없는 결과를 맞이하게 된다.,K562930658,9791192667553,339997394,15750,17500,BOOK,예약판매,870,https://image.aladin.co.kr/product/33999/73/coversum/k562930658_1.jpg,50920,국내도서>소설/시/희곡>스페인/중남미소설,마르코폴로,330,False,True,0,35,{},[],"{'seriesId': 1135698, 'seriesLink': 'http://www.aladin.co.kr/shop/common/wseriesitem.aspx?SRID=1135698&amp;partner=openAPI', 'seriesName': '마르코폴로의 도서관 '}"
부처스 크로싱,http://www.aladin.co.kr/shop/wproduct.aspx?ItemId=320204475&amp;partner=openAPI&amp;start=api,"존 윌리엄스 (지은이), 정세윤 (옮긴이)",2023-08-18,"덴버 대학교에서 문학을 가르치던 시절 존 윌리엄스가 발표한 그의 첫 번째 ‘장편소설’로 에머슨의 자연주의 철학에 심취한 주인공 앤드루스가 캔자스 주 가상의 산골 마을 부처스 크로싱에 도착해 겪는 인간의 폭력성과 자연의 냉엄함, 그리고 반서구주의를 다룬 소설이다.",K152834675,9791187886921,320204475,15120,16800,BOOK,,840,https://image.aladin.co.kr/product/32020/44/coversum/k152834675_2.jpg,50919,국내도서>소설/시/희곡>영미소설,구픽,11551,False,True,9,36,{},"[{'reviewRank': 8, 'title': '[마이리뷰]너는 같은 강물에 두 번 들어갈 ..', 'writer': 'cyrus', 'link': 'https://blog.aladin.co.kr/haesung/15566720?partner=openAPI'}, {'reviewRank': 10, 'title': '[마이리뷰]미친 사냥의 노래', 'writer': '레삭매냐', 'link': 'https://blog.aladin.co.kr/723405103/15556556?partner=openAPI'}, {'reviewRank': 8, 'title': '[마이리뷰]젊음의 도전', 'writer': 'bookholic', 'link': 'https://blog.aladin.co.kr/735181196/15459346?partner=openAPI'}, {'reviewRank': 8, 'title': '[100자평]남성들이 공감할 법한 성장서사, 자연관 따위를 그리고 ...', 'writer': 'nada', 'link': 'https://blog.aladin.co.kr/nada/15221300?partner=openAPI'}, {'reviewRank': 10, 'title': '[마이리뷰][마이리뷰] 부처스 크로싱', 'writer': 'cj', 'link': 'https://blog.aladin.co.kr/781945243/15135749?partner=openAPI'}]",
림 : 옥구슬 민나,http://www.aladin.co.kr/shop/wproduct.aspx?ItemId=338755287&amp;partner=openAPI&amp;start=api,"김여름, 라유경, 서고운, 성혜령, 예소연, 현호정 (지은이), 김다솔 (해설)",2024-05-01,"‘림LIM 젊은 작가 소설집’은 여기, 젊은 작가들의 신작을 모아 일 년에 두 권 선보인다. ‘-림LIM’은 ‘숲’의 뜻을 더하는 접미사이자 이전에 없던 명사다. 『림: 옥구슬 민나』는 김여름, 라유경, 서고운, 성혜령, 예소연, 현호정 작가와 김다솔 문학평론가가 함께한다.",K232930506,9791170402619,338755287,15300,17000,BOOK,,850,https://image.aladin.co.kr/product/33875/52/coversum/k232930506_1.jpg,50993,국내도서>소설/시/희곡>한국소설>2000년대 이후 한국소설,열림원,1270,False,True,9,37,{},"[{'reviewRank': 10, 'title': '[마이리뷰]림 : 옥구슬 민나', 'writer': 'alid0480', 'link': 'https://blog.aladin.co.kr/789253182/15571001?partner=openAPI'}, {'reviewRank': 10, 'title': '[마이리뷰]림 : 옥구슬 민나', 'writer': '깐도리', 'link': 'https://blog.aladin.co.kr/730059113/15568496?partner=openAPI'}, {'reviewRank': 10, 'title': '[마이리뷰]림: 옥구슬 민나', 'writer': '리나', 'link': 'https://blog.aladin.co.kr/791407193/15567079?partner=openAPI'}, {'reviewRank': 10, 'title': '[마이리뷰]옥구슬 민나', 'writer': '진아', 'link': 'https://blog.aladin.co.kr/790020199/15566232?partner=openAPI'}, {'reviewRank': 10, 'title': '[마이리뷰]림 : 옥구슬 민나', 'writer': '오즐', 'link': 'https://blog.aladin.co.kr/770266113/15565254?partner=openAPI'}]","{'seriesId': 1107044, 'seriesLink': 'http://www.aladin.co.kr/shop/common/wseriesitem.aspx?SRID=1107044&amp;partner=openAPI', 'seriesName': '림LIM 젊은 작가 소설집 3'}"
아직 죽지 않은 자들의 섬,http://www.aladin.co.kr/shop/wproduct.aspx?ItemId=336089067&amp;partner=openAPI&amp;start=api,"필리프 클로델 (지은이), 길경선 (옮긴이)",2024-03-15,선악의 이분법으로 해명되지 않는 인간 내면을 예리하게 탐구해온 프랑스 작가 필리프 클로델의 《아직 죽지 않은 자들의 섬》이 은행나무출판사에서 출간되었다. 가상의 화산섬 마을에서 벌어진 미스터리를 통해 모두가 옳지만 아무도 승리하지 않는 현대 공동체가 당면한 비극을 그린다.,K782939205,9791167373991,336089067,15120,16800,BOOK,,840,https://image.aladin.co.kr/product/33608/90/coversum/k782939205_1.jpg,51067,국내도서>소설/시/희곡>추리/미스터리소설>기타국가 추리/미스터리소설,은행나무,1280,False,True,8,38,{},"[{'reviewRank': 8, 'title': '[마이리뷰]아직 죽지 않은 자들의 섬 - 필..', 'writer': '하나비', 'link': 'https://blog.aladin.co.kr/751620178/15462452?partner=openAPI'}]",
"좋음과 싫음 사이 - 시의적절, 그 여섯번째 이야기",http://www.aladin.co.kr/shop/wproduct.aspx?ItemId=340360330&amp;partner=openAPI&amp;start=api,서효인 (지은이),2024-06-01,"시인이자 편집자, 삶을 읽고 씀으로 살아내는 서효인의 6월을 만난다. 한 해의 허리인 6월, 인생의 중턱에서 올라온 길과 올라야 할 거리를 가늠하기에 시의적절한 때이다. 시인은 이곳에서 ‘절반’과 ‘사이’를 생각한다.",K942931266,9791191859942,340360330,13500,15000,BOOK,,750,https://image.aladin.co.kr/product/34036/3/coversum/k942931266_1.jpg,51371,국내도서>에세이>한국에세이,난다,2780,False,True,8,39,{},"[{'reviewRank': 8, 'title': '[마이리뷰]읽으면 자꾸 울게 되는,', 'writer': '젤소민아', 'link': 'https://blog.aladin.co.kr/705632123/15582547?partner=openAPI'}]","{'seriesId': 1160705, 'seriesLink': 'http://www.aladin.co.kr/shop/common/wseriesitem.aspx?SRID=1160705&amp;partner=openAPI', 'seriesName': '시의적절 6'}"
애도하는 사람,http://www.aladin.co.kr/shop/wproduct.aspx?ItemId=6267476&amp;partner=openAPI&amp;start=api,"덴도 아라타 (지은이), 권남희 (옮긴이)",2010-02-05,"오늘날 이 사회에 넘쳐나는 무차별 살상, 학대 등 다양한 종류의 사건과 사고, 폭력과 상처를 마주했을 때, 과연 우리는 무엇을 할 수 있을까? &lt;붕대 클럽&gt;의 작가 텐도 아라타는 이 질문에 대한 대답을 한 편의 소설로 대신한다. 자신과 아무런 관계가 없는 타인의 죽음을 애도하기 위해 전국을 떠도는 청년의 이야기로, 나오키 상 수상작이다.",8954609651,9788954609654,6267476,15750,17500,BOOK,,870,https://image.aladin.co.kr/product/626/74/coversum/8954609651_1.jpg,50998,국내도서>소설/시/희곡>일본소설>1950년대 이후 일본소설,문학동네,2052,False,True,9,40,{},"[{'reviewRank': 10, 'title': '[100자평]묵직하고 서정적인 클래식의 힘과 가치', 'writer': 'ashram21', 'link': 'https://blog.aladin.co.kr/715240113/14464363?partner=openAPI'}, {'reviewRank': 6, 'title': '[100자평]내가 누군가를 떠나보내게 된다면 애도하는 사람처럼 그를...', 'writer': '낯선', 'link': 'https://blog.aladin.co.kr/799344139/12123868?partner=openAPI'}, {'reviewRank': 8, 'title': '[마이리뷰][마이리뷰] 애도하는 사람', 'writer': 'rainbass', 'link': 'https://blog.aladin.co.kr/763374115/11736129?partner=openAPI'}, {'reviewRank': 8, 'title': '[마이리뷰]사랑과 감사를 남기는 삶', 'writer': 'banya', 'link': 'https://blog.aladin.co.kr/780838123/11515485?partner=openAPI'}, {'reviewRank': 10, 'title': '[100자평]죽음에 대한 고찰보다는 ‘죽음에 대한 태도‘ 를 고찰하...', 'writer': '까치', 'link': 'https://blog.aladin.co.kr/736114156/11009064?partner=openAPI'}]",
호랑이 등에서,http://www.aladin.co.kr/shop/wproduct.aspx?ItemId=338054802&amp;partner=openAPI&amp;start=api,"쥴퓌 리바넬리 (지은이), 오진혁 (옮긴이)",2024-04-19,"압둘하미드 2세의 삶에서 가장 흥미로운 기간이, 폐위된 지 100년이 훨씬 지난 시점에 책으로 다시 태어났다. 쥴퓌 리바넬리가 현대적 감각으로 구성한 이 책은 ‘변혁의 움직임이 가장 활발하던 테살로니키에서 양심의 성찰과 함께 극도의 심리 변화를 겪는, 권좌를 잃은 황제의 이야기’이다.",K682930672,9791168261808,338054802,17100,19000,BOOK,,950,https://image.aladin.co.kr/product/33805/48/coversum/k682930672_1.jpg,51040,국내도서>소설/시/희곡>세계의 소설>중동/튀르키예소설,호밀밭,960,False,True,10,41,{},"[{'reviewRank': 10, 'title': '[마이리뷰]호랑이 등에서', 'writer': '해수화', 'link': 'https://blog.aladin.co.kr/752809207/15571569?partner=openAPI'}, {'reviewRank': 10, 'title': '[마이리뷰]호랑이 등이란', 'writer': 'yjy202', 'link': 'https://blog.aladin.co.kr/722117174/15568227?partner=openAPI'}, {'reviewRank': 10, 'title': '[마이리뷰]모순된 삶, 압둘하미드 2세', 'writer': '사율', 'link': 'https://blog.aladin.co.kr/783144176/15564689?partner=openAPI'}, {'reviewRank': 10, 'title': '[마이리뷰]절대권력자의 몰락에서 보는 역..', 'writer': 'jihwawoon', 'link': 'https://blog.aladin.co.kr/765677226/15561149?partner=openAPI'}, {'reviewRank': 8, 'title': '[마이리뷰]호랑이 등에서', 'writer': '북노마드', 'link': 'https://blog.aladin.co.kr/713673116/15553707?partner=openAPI'}]",
리버보이 - 전면개정판,http://www.aladin.co.kr/shop/wproduct.aspx?ItemId=339337836&amp;partner=openAPI&amp;start=api,"팀 보울러 (지은이), 정해영 (옮긴이)",2024-05-10,출간 당시 『해리포터』를 제치고 만장일치로 카네기 메달을 수상한 성장소설의 정수 『리버보이』가 국내에 소개된 지 어느덧 17년의 시간이 흘렀다. 죽음을 앞둔 할아버지와 열다섯 살 손녀 제스의 가슴 먹먹한 이별 여행의 감동을 잊지 못한 첫 독자들은 이제 자신의 자녀들과 함께 『리버보이』를 다시 읽는다.,K282930134,9791130671024,339337836,13500,15000,BOOK,,750,https://image.aladin.co.kr/product/33933/78/coversum/k282930134_1.jpg,50759,국내도서>청소년>청소년 문학>청소년 소설,다산책방,27650,False,True,10,42,{},"[{'reviewRank': 10, 'title': '[마이리뷰]나는 정말 복도 많다', 'writer': 'aquabay', 'link': 'https://blog.aladin.co.kr/788525101/15583536?partner=openAPI'}, {'reviewRank': 10, 'title': '[100자평]#리버보이 #팀보울러 #다산책방 #장편소설 #청소년소설...', 'writer': '쓸모', 'link': 'https://blog.aladin.co.kr/795758134/15580392?partner=openAPI'}, {'reviewRank': 10, 'title': '[마이리뷰][서평] 리버보이 - 팀보울러', 'writer': '오드민이', 'link': 'https://blog.aladin.co.kr/777738108/15577363?partner=openAPI'}, {'reviewRank': 10, 'title': '[마이리뷰]전연령이 꼭 읽었음 하는 책', 'writer': 'jb08170', 'link': 'https://blog.aladin.co.kr/762717191/15574925?partner=openAPI'}, {'reviewRank': 8, 'title': '[마이리뷰]제스와 함께 물살을 가로지르는 ..', 'writer': 'tjdusl0113', 'link': 'https://blog.aladin.co.kr/764863247/15569044?partner=openAPI'}]","{'seriesId': 1028849, 'seriesLink': 'http://www.aladin.co.kr/shop/common/wseriesitem.aspx?SRID=1028849&amp;partner=openAPI', 'seriesName': '다산책방 청소년문학 1'}"
정오에서 가장 먼 시간,http://www.aladin.co.kr/shop/wproduct.aspx?ItemId=339488780&amp;partner=openAPI&amp;start=api,도종환 (지은이),2024-05-10,"한국시단을 대표하는 서정시인으로서 2024년 올해 등단 40주년을 맞이한 도종환의 열두번째 시집 『정오에서 가장 먼 시간』이 창비시선 501번으로 출간되었다. 세월호 참사의 아픔을 보듬는 “격렬한 희망”(박성우, 추천사)의 시로 먹먹한 감동을 선사한 『사월 바다』(창비 2016) 이후 8년 만에 펴내는 뜻깊은 시집이다.",8936425013,9788936425012,339488780,9900,11000,BOOK,,550,https://image.aladin.co.kr/product/33948/87/coversum/8936425013_1.jpg,51167,국내도서>소설/시/희곡>시>한국시,창비,8080,False,True,9,43,{},"[{'reviewRank': 8, 'title': '[마이리뷰]고마운 일, 그리고', 'writer': '찐빵', 'link': 'https://blog.aladin.co.kr/700531153/15555844?partner=openAPI'}, {'reviewRank': 10, 'title': '[100자평]도종환 시인 기대됩니다', 'writer': '서사가', 'link': 'https://blog.aladin.co.kr/797104119/15541214?partner=openAPI'}]","{'seriesId': 5426, 'seriesLink': 'http://www.aladin.co.kr/shop/common/wseriesitem.aspx?SRID=5426&amp;partner=openAPI', 'seriesName': '창비시선 501'}"
태풍의 계절,http://www.aladin.co.kr/shop/wproduct.aspx?ItemId=307205538&amp;partner=openAPI&amp;start=api,"페르난다 멜초르 (지은이), 엄지영 (옮긴이)",2022-12-25,"21세기 라틴 아메리카 문학의 가장 어두운 성취. 멕시코에서 위험한 지역 가운데 하나로 손꼽히는 베라크루스주의 한 마을에서 마녀로 불리던 자가 살해당하고, 그 사건에 얽힌 인물들의 사연이 하나씩 풀려 나가며 사건의 진상이 드러난다.",893246135X,9788932461359,307205538,13500,15000,BOOK,,750,https://image.aladin.co.kr/product/30720/55/coversum/893246135x_1.jpg,50920,국내도서>소설/시/희곡>스페인/중남미소설,을유문화사,1578,False,True,9,44,{},"[{'reviewRank': 10, 'title': '[마이리뷰]마르케스, 이렇게 진화하다', 'writer': 'Falstaff', 'link': 'https://blog.aladin.co.kr/wunderhorn/15571803?partner=openAPI'}, {'reviewRank': 10, 'title': '[100자평]두번 읽어야 한다. 참혹한데 너무 아파서 눈물이 쏟아진...', 'writer': 'null', 'link': 'https://blog.aladin.co.kr/711282133/15459478?partner=openAPI'}, {'reviewRank': 6, 'title': '[100자평]강렬한 에너지가 넘치는 소설임에는 분명하다. 초반부는 ...', 'writer': '저녁들길', 'link': 'https://blog.aladin.co.kr/mviolet/14653774?partner=openAPI'}, {'reviewRank': 10, 'title': '[100자평]두번 읽으니까 일목요연하게 보이는 소설. 잘 짜여진 구...', 'writer': 'euisuk.kim', 'link': 'https://blog.aladin.co.kr/728202140/14625292?partner=openAPI'}, {'reviewRank': 10, 'title': '[100자평]암실문고라는 시리즈 의미에 걸맞는 책. 폭력 속에서 우...', 'writer': '평110', 'link': 'https://blog.aladin.co.kr/706600245/14584926?partner=openAPI'}]","{'seriesId': 1055117, 'seriesLink': 'http://www.aladin.co.kr/shop/common/wseriesitem.aspx?SRID=1055117&amp;partner=openAPI', 'seriesName': '암실문고 '}"
마지막 욕망,http://www.aladin.co.kr/shop/wproduct.aspx?ItemId=338566697&amp;partner=openAPI&amp;start=api,"크리스티앙 보뱅 (지은이), 김도연 (옮긴이)",2024-04-25,『작은 파티 드레스』 『환희의 인간』 『가벼운 마음』 등 국내에 출간된 소설과 에세이로 독자들의 많은 사랑을 받아온 프랑스 작가 크리스티앙 보뱅의 소설 『마지막 욕망』이 출간되었다. 2022년부터 새롭게 기획된 프랑스 출판사 갈리마르 총서 QUARTO <동시대의 목소리> 시리즈의 처음을 여는 작품이기도 하다.,K802930301,9791190533423,338566697,11700,13000,BOOK,,650,https://image.aladin.co.kr/product/33856/66/coversum/k802930301_1.jpg,50921,국내도서>소설/시/희곡>프랑스소설,1984Books,3155,False,True,8,45,{},"[{'reviewRank': 8, 'title': '[마이리뷰]끝나지 않은 사랑', 'writer': '자목련', 'link': 'https://blog.aladin.co.kr/rilkecactus/15575037?partner=openAPI'}, {'reviewRank': 8, 'title': '[100자평]˝사랑이라는 불멸의 고통˝ 사랑하는 이들은 그들만의 언...', 'writer': '잠자냥', 'link': 'https://blog.aladin.co.kr/socker/15566929?partner=openAPI'}, {'reviewRank': 10, 'title': '[마이리뷰]잘 읽었습니다.', 'writer': '형순', 'link': 'https://blog.aladin.co.kr/729064178/15507518?partner=openAPI'}, {'reviewRank': 8, 'title': '[100자평]책소개를 보고 읽고 싶어졌다. 아직 안읽었기에 별4개.', 'writer': '동작블루스', 'link': 'https://blog.aladin.co.kr/surreal/15494793?partner=openAPI'}]",
잠수 한계 시간,http://www.aladin.co.kr/shop/wproduct.aspx?ItemId=333808666&amp;partner=openAPI&amp;start=api,"율리 체 (지은이), 남정애 (옮긴이)",2024-02-09,"세상의 끝과 같은 섬, 스페인의 라호라에서 펼쳐지는 의문의 살인 미수 사건을 다룬다. 스페인의 어느 섬에서 잠수 강사를 하는 스벤은 어느 날 욜라와 테오라는 한 쌍의 커플에게 두 주 동안 잠수 강의를 하기로 한다. 그들은 오직 자신들만 전담하여 24시간 돌봐 주는 조건으로 1만 유로가 넘는 거액을 제시한다.",8937454726,9788937454721,333808666,15300,17000,BOOK,,850,https://image.aladin.co.kr/product/33380/86/coversum/8937454726_1.jpg,50922,국내도서>소설/시/희곡>독일소설,민음사,1440,False,True,10,46,{},"[{'reviewRank': 10, 'title': '[마이리뷰]잠수하지 말 것, 다른 이들을 외..', 'writer': 'spring', 'link': 'https://blog.aladin.co.kr/751634154/15417592?partner=openAPI'}]",
최고의 남편,http://www.aladin.co.kr/shop/wproduct.aspx?ItemId=340293159&amp;partner=openAPI&amp;start=api,"오스카 와일드 (지은이), 임성균 (옮긴이)",2024-05-31,"협박과 정치적 부패, 개인의 명예가 공적인 명예와 어떻게 다른지, 또는 어떻게 어울리는지 다루면서 이상적으로 보이는 부부가 파국의 위험을 극복하는 과정을 멜로드라마로 제시한다. 와일드의 “위트와 철학, 배우와 관객, 심지어는 극장 전체를 가지고 노는 탁월함”을 확인할 수 있다.",K092931160,9791128890369,340293159,23800,23800,BOOK,,1190,https://image.aladin.co.kr/product/34029/31/coversum/k092931160_1.jpg,51212,국내도서>소설/시/희곡>희곡>외국희곡,지만지드라마,0,False,True,0,47,{},[],
인성에 비해 잘 풀린 사람 - 월급사실주의 2024,http://www.aladin.co.kr/shop/wproduct.aspx?ItemId=338559095&amp;partner=openAPI&amp;start=api,"남궁인, 손원평, 이정연, 임현석, 정아은, 천현우, 최유안, 한은형 (지은이)",2024-05-01,"동시대 한국사회에서 먹고살기 위해 일하는 보통 사람들의 삶에 대해, 발품을 팔아 사실적으로 쓴다는 규칙을 공유하며 결성된 ‘월급사실주의’ 동인의 단편소설 앤솔러지 『인성에 비해 잘 풀린 사람─월급사실주의 2024』가 출간되었다.",K152930309,9791141600143,338559095,15120,16800,BOOK,,840,https://image.aladin.co.kr/product/33855/90/coversum/k152930309_1.jpg,50993,국내도서>소설/시/희곡>한국소설>2000년대 이후 한국소설,문학동네,13140,False,True,10,48,{},"[{'reviewRank': 10, 'title': '[100자평]통통 튀는 삶이 내지르는 외침!', 'writer': 'whitesilky', 'link': 'https://blog.aladin.co.kr/793938163/15498016?partner=openAPI'}, {'reviewRank': 10, 'title': '[100자평]신선한 기대감이 생겼다. 월급사실주의 작가들이 쓴 단편...', 'writer': '신정호', 'link': 'https://blog.aladin.co.kr/773084127/15497489?partner=openAPI'}, {'reviewRank': 10, 'title': '[100자평]제목부터가 기대되네요', 'writer': 'dosert', 'link': 'https://blog.aladin.co.kr/759838208/15494774?partner=openAPI'}, {'reviewRank': 10, 'title': '[100자평]이런 단편 모음집은 의미있다', 'writer': '서사가', 'link': 'https://blog.aladin.co.kr/797104119/15494712?partner=openAPI'}, {'reviewRank': 8, 'title': '[100자평]오랜만에 모음집 구경해 보네요. 월급사실주의 작가라니 ...', 'writer': '숲고양이', 'link': 'https://blog.aladin.co.kr/catstory/15494682?partner=openAPI'}]",
다자이 오사무×청춘,http://www.aladin.co.kr/shop/wproduct.aspx?ItemId=340286484&amp;partner=openAPI&amp;start=api,"다자이 오사무 (지은이), 최고은 (옮긴이)",2024-05-30,다자이 오사무’라는 이름은 몰라도 그의 소설 &lt;인간실격&gt;은 누구나 한번쯤 들어봤을 것이다. 청춘의 불안과 고민을 원초적으로 다루고 있어 청춘들이 가장 사랑하는 일본 소설 중 하나로 꼽힌다. 이 책은 &lt;인간실격&gt;을 과감히 뺀 다자이 오사무의 청춘을 담은 열두 편의 단편집을 담았다.,K832931066,9791170611387,340286484,14400,16000,BOOK,,800,https://image.aladin.co.kr/product/34028/64/coversum/k832931066_1.jpg,50996,국내도서>소설/시/희곡>일본소설>1950년대 이전 일본소설,북다,0,False,True,0,49,{},[],"{'seriesId': 1189291, 'seriesLink': 'http://www.aladin.co.kr/shop/common/wseriesitem.aspx?SRID=1189291&amp;partner=openAPI', 'seriesName': '청춘 '}"
변신·단식 광대,http://www.aladin.co.kr/shop/wproduct.aspx?ItemId=340098635&amp;partner=openAPI&amp;start=api,"프란츠 카프카 (지은이), 이재황 (옮긴이)",2024-05-24,"2024년 카프카 타계 100주기를 기념해 선보이는 중단편선. ‘아들들’이라는 제목하에 한 권으로 펴내고 싶어한 작가 초기의 뜻을 살려 「선고」 「화부」 「변신」을 싣고, 마지막까지 그가 붙들고 있던 교정 원고이자 사망 직후 발행된 단편집 『단식 광대: 네 편의 이야기』를 한 권으로 묶은 것이다.",K282931968,9791141600709,340098635,10800,12000,BOOK,,600,https://image.aladin.co.kr/product/34009/86/coversum/k282931968_1.jpg,50922,국내도서>소설/시/희곡>독일소설,문학동네,2010,False,True,0,50,{},[],"{'seriesId': 15441, 'seriesLink': 'http://www.aladin.co.kr/shop/common/wseriesitem.aspx?SRID=15441&amp;partner=openAPI', 'seriesName': '문학동네 세계문학전집 247'}"
